Business Roundtable,BRT,General,Nacional,https://www.businessroundtable.org/,Association of chief executive officers of America’s leading companies working to promote a thriving U.S. economy and expanded opportunity for all Americans through sound public policy., ,NA,"Washington, DC",info@brt.org,"Lance M. Fritz, Chairman","President and CEO of Union Pacific Railroad, Líder del Trade & International Committee",NA,NA,"Corporate Governance, COVID-19 Response, Diversity Equity and Inclusion, Education and Workforce, Energy and Environment, Health and Retirement, Immigration, Infrastructure, Innovation, Racial Equity and Justice, Smart Regulation, Tax and Fiscal Policy, Technology, Trade and International",,SI,"$67,500","$3,000","$64,500",SI,"$4,820,000",NACIONAL,NACIONAL,NACIONAL,NA,"Junio 2022: Economic Impacts of Globally Engaged US Companies, https://s3.amazonaws.com/brt.org/Economic_Impacts_of_Globally_Engaged_US_Companies_2022.pdf 
Febrero 2022: The Impact of Trade on U.S. and State-Level Employment: 2022 Update, https://s3.amazonaws.com/brt.org/Business-Roundtable_TradeandAmericanJobs2022.pdf 
Mayo 2021: Smart Regulation for the Innovation Economy, https://s3.amazonaws.com/brt.org/Business_Roundtable_Smart_Regulation_For_Innovative_Economy_May_2021.pdf 
Abril 2021: The macroeconomic impacts of reinvesting in America’s infrastructure systems 2021 Update, https://s3.amazonaws.com/brt.org/BusinessRoundtable_Delivering_for_America_Infrastructure_Report_Updated_April2021.pdf 
Octubre 2020: The Impact of Trade on U.S. and State-Level Employment: 2020 Update, https://s3.amazonaws.com/brt.org/Trade_and_American_Jobs_2020.pdf ",BizRoundtable,https://www.facebook.com/BusinessRoundtable,https://www.youtube.com/user/BusinessRoundtable
National Association of Manufacturers,NAM,Manufacturers,,https://www.nam.org/,"Association that works for the success of the more than 12.8 million men and women who make things in America. Their work is centered around four values that make the maufacturer industry strong: free enterprise, competitiveness, individual liberty and equal opportunity. NAM represents 14,000 member companies from across the country, in every industrial sector.",,14000,"Washington, DC",info@nam.org,NA,NA,NA,NA,"Energy, Environment, Health Care, Immigration, Innovation and Technology, Labor and Employment, Regulatory and Legal Reform, Research, Innovation and Technology, Tax, Trade, Transportation and Infrastructure",,SI,"$266,431","$86,806","$176,125",SI,"$1,780,000",,,,NA,"Septiembre 9, 2021: Ensuring a Healthy Future: The Impact and Importance of Pharmaceutical Manufacturing, https://www.nam.org/wp-content/uploads/2021/09/ENSURING-A-HEALTHY-FUTURE.pdf 
2019: USMCA State Data Sheets, https://www.nam.org/nam-releases-usmca-state-data-sheets/",ShopFloorNAM,https://www.facebook.com/NAMpage,https://www.youtube.com/namvideo
U.S. Hispanic Chamber of Commerce,USHCC,General / Hispanic,Nacional,https://www.ushcc.com/,"The USHCC actively promotes the economic growth, development, and interests of more than 4.7 million Hispanic-owned businesses, that combined, contribute over $800 billion to the American economy every year. It advocates on behalf of its network of more than 250 local chambers and business associations nationwide, and also partners with more than 260 major American corporations.",,260 local chambers of commerce and Hispanic business organizations,"Washington, DC",info@ushcc.com,NA,NA,NA,NA,NA,,SI,$0,$0,$0,SI,"$30,000",NACIONAL,NACIONAL,NACIONAL,NA,"2021: USHCC An Economic Overview of Hispanic Businesses in America, https://www.ushcc.com/ushcc-reports--resources.html",USHCC,https://www.facebook.com/USHCC/,https://www.youtube.com/user/ushcctv
U.S. – Mexico Chamber of Commerce,USMCOC,General,Nacional,https://usmcoc.org/,The USMCOC is the leading binational business organization working to build mutually beneficial trade and investment relationships in the Americas. The organization's mission is to promote business between the United States and Mexico.,,NA,"Irving, TX",info@usmcoc.org,NA,NA,NA,NA,NA,,NO,NA,NA,NA,NO,NA,NACIONAL,NACIONAL,NACIONAL,10,NA,USMCOC,https://www.facebook.com/USMCOC,NA
National Association of Latino State Chamber of Commerce,NASLCC,General / Latinos,Nacional,https://naoslcc.org/,,,NA,"Washington, DC",NA,NA,NA,NA,NA,"Finance, international trade, e-commerce, economic development",,NO,NA,NA,NA,NO,NA,NACIONAL,NACIONAL,NACIONAL,NA,NA,NA,NA,NA
Coalition of Services Industries,CSI,Servicios,,https://uscsi.org/,Leading industry association devoted exclusively to promoting the international objectives of service sectors.,,NA,"Washington, DC",admin@uscsi.org,NA,NA,NA,NA,NA,,NO,NA,NA,NA,SI,$0,,,,NA,"2021: Addressing Foreign Services Trade and Investment Barriers Benefits American Workers and Must Remain a Priority, https://uscsi.org/wp-content/uploads/2021/10/CSI-White-Paper-2-Case-for-Services-Dig-Tr.pdf 
2021: Services and Digital Trade Are Critical to U.S. Competitiveness and Middle-Class Job Creation, https://secureservercdn.net/198.71.233.106/v8v.669.myftpupload.com/wp-content/uploads/2021/04/CSI-White-Paper.pdf ",USCSI,https://www.facebook.com/CoalitionOfServicesIndustries/,NA
American Farm Bureau Federation,AFBF,Agricultura,"HS2_01,04,05,15",https://www.fb.org/,"Farm and ranch families working together to build a sustainable future of safe and abundant food, fiber and renewable fuel",,NA,"Washington, DC",webmaster@fb.org,NA,NA,NA,NA,"Trade, Regulatory Reform, Environment, Innovation, Farm Policy, Immigration Reform, Infrastructure, Tax Reform, Energy",,SI,$620,$0,$220,SI,"$560,000",,,,NA,NA,FarmBureau,https://www.facebook.com/FarmBureau,https://www.youtube.com/user/farmbureautv
U.S. Chamber of Commerce,USCC,General,Nacional,https://www.uschamber.com/,"Non-profit membership organization representing the unified interests of U.S. business before Congress, government agencies, and the courts.",,NA,"Washington, DC",NA,NA,NA,NA,NA,"Antitrust, Climate Change, Infrastructure, Supply Chain, Workforce, Chambers of Commerce, Climate Change, Corporate Social Responsibility, Diversity Equity and Inclusion, Economy, Employment, Law, Energy, Environment and Sustainability, Finance, Health Care, Immigration, Improving Government, Infrastructure, Intellectual Property, International, Lawsuits, Regulations, Retirement, Security and Resilience, Small Business, Space, Taxes, Technology, Travel, Workforce",,SI,"$153,925","$29,435","$124,390",SI,"$18,660,000",,,,NA,NA,USChamber,https://www.facebook.com/uschamber,NA
American Automotive Policy Council,AAPC,Automóviles,HS2_87,https://www.americanautomakers.org/,"AAPC is a Washington, D.C.-based association helping American Automakers deliver on those commitments by representing Ford, GM and Stellantis on their common public policy interests at the federal and internationals levels.
Empresas: Ford Motor Company, General Motors Company and Stellantis",,3,"Washington, DC",info@americanautomakers.org,Charles D. Uthus,Vice President for International Policy,cuthus@americanautomakers.org,NA,"International Trade, Environmental Stewardship",,SI,$0,$0,$0,SI,"$100,000",,,,NA,"March 2021: Investing for the future: leading in capital investments and research & development, https://www.americanautomakers.org/sites/default/files/2021%20AAPC%20Scoreboard%20on%20Auto%20CapEx%20and%20R%26D.pdf",USAutomakers,https://www.facebook.com/USAutoCouncil/wall/?filter=12,https://www.youtube.com/user/USAutoPolicyCouncil
Autos Drive America,NA,Automóviles,HS2_87,https://www.autosdriveamerica.org/,"Organization that looks for the growth of the U.S. automotive industry by advocating for, and defending, open trade and investment policies that expand employment opportunities for Americans and choice for all consumers.
Empresas: BMW, Honda, Hyundai, KIA, Mazda, Mercedes Benz, Mitsubishi Motors, Nissan, Subaru, Toyota, Volkswagen, Volvo",,12,"Washington, DC",info@autosdriveamerica.org,Edward Stewart,"Manager, Trade & Economic Policy",NA,NA,,,NO,NA,NA,NA,SI,"$110,000",,,,NA,"2022: International Automakers and Dealers in America, Economic Impact Report, https://www.autosdriveamerica.org/economic-impact/2022/ADA_2022_8.5X11_national.pdf ",AutosDrvAmerica,https://www.facebook.com/AutosDriveAmerica/,https://www.youtube.com/channel/UCQxWyf4Mxv7jeXL9xMzWCEg
Motor & Equipment Manufacturers Association,MEMA,Motor vehicle and mobility suppliers and parts manufacturers and remanufacturers,"HS4_8707, 8708",https://www.mema.org/,"MEMA is the trade association for motor vehicle and mobility suppliers and parts manufacturers and remanufacturers. Our members supply both the original equipment and aftermarket segments of the light vehicle (car and truck) and commercial vehicle (on- and off-road) industries. MEMA serves the industry as the voice of the motor vehicle and mobility supplier industry, speaking out on behalf of the largest manufacturing sector in the United States.",,NA,"North Carolina (HQ), Washington DC and Michigan",info@mema.org,NA,NA,NA,NA,,,SI: pac,,"$2,500",$0,SI,"$160,000",,,,NA,NA,NA,NA,NA
National Electrical Manufacturers Association,NEMA,"Seven major U.S. markets: Building Systems, Building Infrastructure, Lighting Systems, Industrial Products & Systems, Utility Products & Systems, Transportation Systems, and Medical Imaging",,https://www.nema.org/,"Founded in 1926, NEMA is an ANSI-accredited Standards Developing Organization made up of business leaders, electrical experts, engineers, scientists, and technicians. NEMA convenes a neutral forum for Members to discuss industry-wide concerns and objectives under a legal umbrella by trained NEMA Staff.",,NA,"Arlington, VA",communications@nema.org,"Gene Eckhart
Madeleine Bugel","Director, International Trade
Senior Manager, International and Trade","gen_eckhart@nema.org
madeleine.bugel@nema.org",(703) 841-3204,"Cybersecurity and Data, Energy Policy, Environmental, Healthcare, Infrastructure, International Trade",,SI,"$4,500",$0,"$4,500",SI,"$465,000",,,,NA,"Septiembre 2021: Supply Chain Disruptions Affect Viability of U.S. Manufacturing Sector, https://www.nema.org/docs/default-source/advocacy-document-library/joint-association-supply-chain-white-paper.pdf?sfvrsn=1763ed3b_2",NEMAupdates,https://www.facebook.com/nemaupdates/,https://www.youtube.com/user/NEMAVue
Consumer Technology Association,CES,Tecnología,,https://www.cta.tech/,"CTA is the trade association representing the $505 billion U.S. consumer technology industry, which supports more than 18 million U.S. jobs.",,NA,"Arlington, VA",NA,NA,NA,NA,NA,"Accessibility, Artificial Intelligence, Audio and Video, Augmented and Virtual Reality, Automotive, Digital Health, Drones, Health and Fitness, Internet, Robotics, Smart Home, Sustainability, Tech for Good, Wireless and 5G",,SI: pac,"$100,400","$61,400","$39,000",SI,"$760,000",,,,NA,NA,CTATech,https://www.facebook.com/ConsumerTechnologyAssociation/,NA
Association of Home Appliance Manufacturers,AHAM,Home appliance industry,"HS4_8208,8509",https://www.aham.org/,"AHAM is the single voice providing the home appliance industry with leadership, advocacy and a forum for action in public policy, standards and business decisions. AHAM helps manufacturers bring efficient, high-performing home appliances into the homes of consumers",,NA,"Washington, DC",info@aham.org,Revisar,Revisar,Revisar,Revisar,NA,,SI: pac,-,$224,$500,SI,"$209,138",,,,NA,NA,AHAM_Voice,https://www.facebook.com/AHAMhome/,https://www.youtube.com/user/AHAMMEdia
Truck Engine Manufacturers Association,EMA,Manufacturers of internal combustion engines and on-highway medium- and heavy-duty trucks,,http://www.truckandenginemanufacturers.org/,"The Truck and Engine Manufacturers Association (EMA) represents worldwide manufacturers of internal combustion engines and on-highway medium- and heavy-duty trucks. EMA works with government and industry to help the nation achieve its goals of cleaner air and safer highways and to ensure that environmental and safety standards and regulations are technologically feasible cost-effective, and provide safety and environmental benefits.
Empresas: AGCO Corporation, American Honda Motor Co., Inc, Blue Bird Corporation, Briggs & Stratton Corporation, Caterpillar Inc., Cummins Inc., Daimler Truck North America LLC, Deere & Company, DEUTZ Corporation, Ford Motor Company, FPT Industrial, General Motors Company, Hino Motors Manufacturing USA, Inc., INNIO, Isuzu Technical Center of America, Inc., Kawasaki Motors Corp., USA, Komatsu Ltd., Kubota Engine America Corporation, Liebherr Machines Bulle SA, MAN Truck & Bus SE, Navistar, Inc., PACCAR Inc, Rolls-Royce Solutions America Inc., Scania CV AB, Stellantis N.V., Volkswagen of America, Inc., Volvo Group North America, Wärtsilä North America, Inc., Yanmar America Corporation",,28,"Chicago, IL",ema@emamail.org,Revisar,Revisar,Revisar,NA,"Truck and engine technology, emissions control and safety systems, engine and truck performance, fuel efficiency",,NO,NA,NA,NA,NA,NA,,,,NA,NA,NA,NA,NA
Semiconductor Industry Association,SIA,Semiconductores,,https://www.semiconductors.org/,The Semiconductor Industry Association (SIA) advances policies that help the industry grow and unites semiconductor companies around common challenges.,,NA,"Washington, DC",info@semiconductors.org,"Jimmy Goodrich
Rina Pal-Goetzen","Vice President, Global Policy
Director of Global Policy","jgoodrich@semiconductors.org
rpal-goetzen@semiconductors.org",NA,"Research, Trade, Domestic Manufacturing, Tax",,SI: pac,"$11,500","$9,000","$2,500",SI,"$385,000",,,,NA,"Mayo 2022: The 2022 SIA Factbook: Your Source for Semiconductor Industry Data, https://www.semiconductors.org/the-2022-sia-factbook-your-source-for-semiconductor-industry-data/
Septiembre 2021: State of the US Semiconductor Industry, https://www.semiconductors.org/wp-content/uploads/2021/09/2021-SIA-State-of-the-Industry-Report.pdf
Mayo 2021: Chipping In: The Positive Impact of the Semiconductor Industry on the American Workforce and How Federal Industry Incentives Will Increase Domestic Jobs, https://www.semiconductors.org/wp-content/uploads/2021/05/SIA-Impact_May2021-FINAL-May-19-2021_2.pdf 
Abril 2021: Strengthening the global semiconductor supply chain in an uncertaing area, https://www.semiconductors.org/strengthening-the-global-semiconductor-supply-chain-in-an-uncertain-era/ 
Septiembre 2020: Government Incentives and US Competitiveness in Semiconductor Manufacturing, https://www.semiconductors.org/wp-content/uploads/2020/09/Government-Incentives-and-US-Competitiveness-in-Semiconductor-Manufacturing-Sep-2020.pdf",SIAAmerica,https://www.facebook.com/SIAAmerica,https://www.youtube.com/user/SIAAmerica
Air Conditioning Heating and Refrigeration Institute,AHRI,"Residential and commercial air conditioning, heating, water heating, and commercial refrigeration equipment","HS4_8415,8418",https://www.ahrinet.org/home,The AHRI is the trade association representing manufacturers of HVACR and water heating equipment within the global industry.,,315,"Arlington, VA",NA,NA,NA,NA,NA,NA,,NO,NA,NA,NA,SI,"$290,455",,,,NA,NA,AHRIConnect,https://www.facebook.com/AHRIconnect?ref=sgm,https://www.youtube.com/user/AHRIcommunications
Advanced Medical Technology Association,Adva Med,Medical device manufacturers,,https://www.advamed.org/,"The Advanced Medical Technology Association (AdvaMed), is a trade association that leads the effort to advance medical technology in order to achieve healthier lives and healthier economies around the world.",,400,"Washington, DC",NA,NA,NA,NA,NA,"Global Affairs, Regulatory, Trade and Supply Chain, Device Repair, Coverage, Health Equity, Safety",,SI,"$68,006","$47,256","$20,750",SI,"$790,000",,,,NA,NA,AdvaMedUpdate,https://www.facebook.com/AdvaMed,https://www.youtube.com/user/AdvaMedUpdate
National Council of Textile Organizations,NCTO,Textil,"HS2_57,63",http://www.ncto.org/,"Association representing the entire spectrum of the textile sector. From fibers to finished products, from machinery manufacturers to power suppliers, NCTO is the voice of the U.S. textile industry.",,NA,"Washington, DC and North Carolina",NA,Sara Beatty,Senior Vice President,sbeatty@ncto.org <sbeatty@ncto.org>;,(202) 684-2999,"Trade Policy, Government Procurement, Regulatory",,SI: pac,"$40,000","$18,500","$21,500",NO,NA,,,,NA,NA,NCTO,https://www.facebook.com/NationalCouncilOfTextileOrganizations/,NA
American Apparel & Footwear Association,AAFA,"Apparel, footwear, accessory, and retail","HS2_61,62,64",https://www.aafaglobal.org/,"AAFA represent more than 1,000 world famous name brands, retailers, and manufacturers. AAFA is the trusted public policy and political voice of the apparel and footwear industry, its management and shareholders, its three million U.S. workers, and its contribution of more than $350 billion in annual U.S. retail sales.",,583,"Washington, DC and North Carolina",NA,Beth Hughes,"Vice President, Trade and Customs Policy",bhughes@aafaglobal.org,(202) 853-9353,"Brand Protection, Supply Chain and Sourcing, Trade Logistics and Manufacturing",,SI: pac,"$10,500","$10,500",$0,SI,"$155,193",,,,NA,NA,apparelfootwear,https://www.facebook.com/apparelandfootwear,https://www.youtube.com/user/apparelandfootwear
American Apparel Producers’ Network,AAPN,Apparel,"HS2_61,62",https://www.aapnetwork.net/,"AAPN is headquartered in Atlanta, Georgia, with members in North America, Mexico, the Caribbean, Central America, South America, Asia and Europe. Member companies and industry individuals who join come from the over 30 links ‘from the dirt to the shirt’ of the apparel supply chain.",,200,"Atlanta, GA",NA,"Sue C Strickland
Mike Todaro","Executive Director
Managing Director","sue@aapnetwork.net
miketodaro@me.com",404 843 3171,NA,,NO,NA,NA,NA,NA,NA,,,,NA,NA,AAPN,https://www.facebook.com/AAPNetwork,NA
Information Technology Industry Council,ITI,Tecnologia,,https://www.itic.org/,"The ITI is the premier global advocate for technology, representing the world’s most innovative companies. We promote public policies and industry standards that advance competition and innovation worldwide.",,NA,"Washington, DC and North Carolina",info@itic.org,"Husani Durans de Jesus
Megan Funkhouser","Senior Manager for the Americas
Senior Director of Policy, Tax and Trade",NA,NA,"Accessibility, Environment and Sustainability, Artificial Intelligence, Broadband Communications, & Spectrum, Coronavirus Response, Cybersecurity, Data & Privacy, Energy, Forced Localization, Immigration, Industry Standards, Internet Governance, Skills/STEM, Internet of Things, U.S. National Security Policymaking, Regulatory Compliance, Tax Policy, Trade & Investment",,SI,"$22,000","$12,500","$9,500",SI,"$650,000",,,,NA,NA,ITI_TechTweets,https://www.facebook.com/ITI.dc,https://www.youtube.com/channel/UCo4j-sW0ti0RiiXupgo2L_A
Fresh Produce Association of the Americas,FPAA,Mexican-grown fruits and vegetables,"HS2_07,08",https://www.freshfrommexico.com/,"Founded in Nogales, Arizona, in 1944, the Fresh Produce Association of the Americas has grown to become one of the most influential agricultural groups in the United States. Today, the FPAA provides a powerful voice for improvement and sustainability, serving the needs of more than 100 North American companies involved in the growth, harvest, marketing, import, and distribution of Mexican produce.",,NA,"Nogales, AZ",info@freshfrommexico.com,Georgina Felix Berrueto,Director of Operations & International Affairs,gfelix@freshfrommexico.com,NA,NA,,NO,NA,NA,NA,NA,NA,,,,NA,"Enero 2021: Inspections and Non-Tariff Barriers on “Perishable Imports” at the Mexico-US Border: Legal Limits and Best Practices, https://cdn.freshfrommexico.com/wp-content/uploads/2021/04/27174007/UofA-Trade-Lab-Trade-Barriers-Report-April-2021.pdf
Diciembre 2019: Examining Agricultural Support and Subsidies in the U.S. and Mexico, https://cdn.freshfrommexico.com/wp-content/uploads/2021/07/29161752/CRP-202001.pdf",FreshProduceAA,https://www.facebook.com/FreshProduceAA/,NA
U.S Grain Council,USGC,"Barley, corn, sorghum and related products including distiller’s dried grains with solubles (DDGS) and ethanol","HS4_1003, 1005, 1007, 1104",https://grains.org/,"The U.S. Grains Council develops export markets for U.S. barley, corn, sorghum and related products including distiller’s dried grains with solubles (DDGS) and ethanol. With full-time presence in 28 locations, the Council operates programs in more than 50 countries and the European Union. The Council believes exports are vital to global economic development and to U.S. agriculture’s profitability.",,140,"Washington, DC and North Carolina",grains@grains.org.,"Andrew Brandt
Jordan Crowe","Director of Trade Policy
Trade Policy Coordinator","abrandt@grains.org 
jcrowe@grains.org",NA,"Innovation and Sustainability, Trade Policy,",,SI,$447,$422,$0,SI,$0,,,,NA,"Febrero 2022: Economic Impact Study of USDA Export Market Development Programs: Update of Previous 2016 “Economic Impact of USDA Market Development Programs”, https://usaedc.org/wp-content/uploads/2022/05/USGC-IHS-Markit-Cost-Benefit-Report-April-2022.pdf",USGC,https://www.facebook.com/usgrainscouncil,https://www.youtube.com/user/USGrainsCouncil
U.S. Dairy Export Council,USDEC,Dairy,"HS4 _0401,0402,0403,0404,0405,0406,0407,0408,0409",https://www.usdec.org/,"Non-profit, independent membership organization that represents the global trade interests of U.S. dairy producers, proprietary processors and cooperatives, ingredient suppliers and export traders.",,120,"Arlington, VA",NA,"Jaime Castaneda 
Shawna Morris
Tony Rice","Executive Vice President, Policy Development
Senior Vice President, Trade Policy
Manager, Trade Policy",NA,NA,NA,,NO,NA,NA,NA,NA,NA,,,,NA,NA,USDairyExporter,NA,NA
National Pork Producers Council,NPPC,Puercos,"HS6_ 020312, 020319, 020329, 020649, 020630, 021012, 160249, 160241, 020322, 020311, 021019, 020641, 020321, 021011, 160242",https://nppc.org/,"The NPPC works on behalf of an industry that reliably and responsibly brings high-quality pork to markets across the globe. Comprised of 42 affiliated state pork producer associations, NPPC fights for public policies, programs, and trade pacts that ensure the U.S. pork industry can continue to provide consumers with the world’s safest, most wholesome, and nutritious pork products.",,NA,"Urbandale, IA (HQ) and Washington, DC",news@nppc.org,Revisar,Revisar,Revisar,NA,"Trade, Animal Well-Being, Commerce, Energy & Environment",,SI,"$97,500","$47,500","$50,000",SI,"$630,000",,,,NA,"Julio 2022: The United States Pork Industry 2021: Current Structure and Economic Importance, https://nppc.org/wp-content/uploads/2022/07/2021-NPPC-Economic-Contribution-Report-FINAL.pdf",NPPC,https://www.facebook.com/NationalPorkProducersCouncil,https://www.youtube.com/channel/UCvhztsCuS7o5O-8YmT3cdfg
U.S Poultry and Egg Export Council,USAPEEC,Aves y huevos,"HS4_0105, 0207,0407,0408",https://www.usapeec.org/,"USAPEEC has evolved from an association whose major purpose was the promotion of U.S. poultry and egg products through its network of 14 international offices and consultants, to an organization that is an advocate for the industry on trade policy issues.",,NA,"Tucker, GA",usapeec@usapeec.org,"Garrett Borkhuis
Jim Sumner","Director Trade Policy
Trade Policy Advisor","gborkhuis@usapeec.org
jsumner@usapeec.org",NA,NA,,Lobbying profile,,,,,,,,,,NA,NA,https://www.facebook.com/USAPEECHQ/,https://www.youtube.com/channel/UCY-CCEYUiIudTcxA97llvqQ
Corn Refiners Association,CRA,"Corn refiners manufacture sweeteners, starch, advanced bioproducts, corn oil, and feed products from corn components such as starch, oil, protein, and fiber",,https://corn.org/,"National trade association representing a full 100% of the corn refining industry of the United States. CRA and its predecessors have served this important segment of American agribusiness since 1913. Corn refiners manufacture sweeteners, starch, advanced bioproducts, corn oil, and feed products from corn components such as starch, oil, protein, and fiber.",,7,"Washington, DC and North Carolina",NA,Michael Anderson,Vice President of Trade and Industry Affairs,NA,NA,"Food and Nutrition, Trade, Environmental Affairs, Sustainability, Transportation, Product Safety and Quality, Workplace Safety",,SI,"$10,977",$727,"$10,250",SI,"$180,000",,,,"10: North Dakota, Minnesota, Nebraska, Iowa, Missouri, Illinois, Indiana, Ohio, Tennessee, North Carolina",NA,CornRefiners,https://www.facebook.com/CornRefiners/,NA
National Corn Growers Association,NCGA,Corn growers,HS6_100590,https://www.ncga.com/,"Founded in 1957, the National Corn Growers Association represents nearly 40,000 dues-paying corn growers and the interests of more than 300,000 farmers who contribute through corn checkoff programs in their states. NCGA and its 50 affiliated state associations and checkoff organizations work together to help protect and advance corn growers’ interests.",,NA,"Chesterfield, MO",corninfo@ncga.com,Angus R. Kelly,"Director of Public Policy, Trade and Biotechnology",kelly@ncga.com,NA,"Ethanol, Sustainability, Trade, Animal Agriculture, Biotechnology, Carbon Markets, Consumer Engagement, Education, Farm Policy, High-Octane Low-Carbon, New Uses, Pollinators, Production, Research, Road to Recovery, Transportation and Infrastructure",,SI,"$151,600","$49,100","$102,000",SI,"$90,000",,,,27,NA,NationalCorn,https://www.facebook.com/corngrowers,https://www.youtube.com/user/nationalcorngrowers
American Soybean Association,ASA,Soybean,HS6_120190,https://soygrowers.com/,The American Soybean Association (ASA) represents U.S. soybean farmers on domestic and international policy issues important to the soybean industry.,,26 affiliated state associations representing 30 soybean-producing states,"St. Louis, MO",info@soy.org,Marypat Corbett,"WISHH-Director, Latin America Division & Special Projects Lead",mcorbett@soy.org,314-754-1343,"Trade, Biodiesel, Transportation and Infrastructure, Farm Policy, Biotechnology, Sustainability and Conservation, Regulatory",,SI,"$111,000","$38,000","$73,000",SI,"$196,117",,,,30,NA,ASA_Soybeans,https://www.facebook.com/AmericanSoybeanAssociation,https://www.youtube.com/user/americansoybeanassoc
U.S. Wheat Associates,USW,Wheat,"HS4_1001,1101,1109",https://www.uswheat.org/,"USW is the export market development organization for the U.S. wheat industry. USW works to help wheat buyers, millers, bakers, wheat food processors, and government officials understand the quality, value, and reliability of all six classes of U.S. wheat.",,NA,Arlington (HQ) and Portland,InfoARL@uswheat.org,"Dalton Henry
Shelbi Knisley","Vice President of Policy
Director of Policy","dhenry@uswheat.org 
sknisley@uswheat.org","(703) 650-0245
(571) 384-2844","Trade Negotiations, Trade Barriers, Innovation and Sustainability, Food Security and Assistance, Public-Private Partnership",,NO,NA,NA,NA,NA,NA,,,,17,NA,uswheatassoc,https://www.facebook.com/uswheat,NA
National Cattlemen’s Beef Association,NCBA,Beef,"HS4_0102, 0201, 0202",https://www.ncba.org/,"Marketing organization and trade association for America's one million cattle farmers and ranchers. NCBA is a consumer-focused, producer-directed organization representing the largest segment of the nation's food and fiber industry.",,NA,"Denver, CO and Washington, DC",NA,NA,NA,NA,NA,NA,,SI,"$381,650","$54,000","$327,650",SI,"$90,000",,,,NA,NA,BeefUSA,https://www.facebook.com/BeefUSA,https://www.youtube.com/user/Cattlementocattlemen
U.S. Meat Export Federation,USMEF,"Beef, Pork and Lamb","HS4_0102, 0103, 0104, 0201, 0202, 0203, 0204",https://www.usmef.org/,"USMEF has the most diverse membership of any trade association in the meat and livestock industry. USMEF represents beef/veal producers and feeders, pork producers and feeders, lamb producers and feeders, packers and processors, purveyors and traders, oilseeds producers, feedgrains producers, farm organizations and supply and service organizations.",,297,"Denver, CO",jschuele@usmef.org <jschuele@usmef.org>;,Jessica Spreitzer,Trade Analyst,jspreitzer@usmef.org,NA,NA,,NO,NA,NA,NA,NO,NA,,,,NA,NA,usmef,https://www.facebook.com/USMEF,https://www.youtube.com/channel/UCSN_plM7eAupIlMj5NtQtqg/featured
Avocados from Mexico,AFM,Avocado,HS6_080440,https://avocadosfrommexico.com/,NA,,NA,"Irving, Texas",info@avocadosfrommexico.com,"Stephanie Bazán
Alfonso Delgado","Vice President, Shopper and Trade Marketing
Associate Director, Trade Marketing","sbazan@avocadosfrommexico.com
adelgado@avocadosfrommexico.com",NA,NA,,NO,NA,NA,NA,NA,NA,,,,NA,NA,AvosfromMexico,https://www.facebook.com/avocadosfrommexico,https://www.youtube.com/user/MexicanAvocados
NASCO Network,NASCO,General,,https://www.nasconetwork.com/,Leading organization focused on the competitiveness of the North American supply chain and closing the skilled workforce gap,,NA,"Dallas, TX",info@nasconetwork.com,Francisco Martinez,"Vice President, Mexico Relations",NA,52 (81) 8114-7110,"Supply Chain and Logistics, Transportation, Environment, Energy, Workforce Skills Gap",,NO,NA,NA,NA,NA,NA,,,,NA,NA,NASCONetwork,NA,NA
Greater Houston Chamber of Commerce,NA,General,,https://www.greaterhoustonchamber.com/,NA,,NA,"Houston, TX",info@greaterhoustonchamber.com,NA,NA,NA,NA,NA,,NO,NA,NA,NA,NA,NA,,,,Texas,NA,NA,NA,NA
Seattle Metropolitan Chamber of Commerce,NA,General,,https://www.seattlechamber.com/,"The largest and most diverse business association in the region. Founded in 1882 by local business leaders, the Chamber today is an independent organization representing 2,500 companies and a regional workforce of approximately 750,000.",,2435,"Seattle, WA",NA,NA,NA,NA,NA,"Economic Recovery, Jobs and Economic Competitiveness, Transportation, Education and Workforce, Land Use and Housing",,NO,NA,NA,NA,NA,NA,,,,Washington,NA,seattlechamber,https://www.facebook.com/seattlebusiness,https://www.youtube.com/user/seattlemetrochamber
Los Angeles Area Chamber of Commerce,NA,General,,https://lachamber.com/,"The Los Angeles Area Chamber of Commerce represents the interests of a broad spectrum of organizations across the private, non-profit, academic and public sector, including the business community, job creators, and innovators in the Los Angeles region.",,1400,"Los Angeles, CA",info@lachamber.com,Patricia Torres Bruno,Senior Vice President/Chief of Public Policy,pbruno@lachamber.com,NA,"Education and Workforce Development, Energy Water and Environmental Sustainability, Government and Fiscal Affairs, Health Care",,NO,NA,NA,NA,SI,"$7,000",,,,California,NA,LAAreaChamber,https://www.facebook.com/LAAreaChamber,https://www.youtube.com/channel/UCV8TSNq28oZEQSPL_QWmQug
San Diego Regional Chamber of Commerce,NA,General,,https://sdchamber.org/,"The San Diego Regional Chamber of Commerce is the hub for connections and collaboration for the business community, and fights for its members and all the region’s businesses by supporting pro-business policies and candidates.",,2500,"San Diego, CA",NA,NA,NA,NA,NA,"Housing, Health Care, Veterans, Small Business",,NO,NA,NA,NA,SI,"$10,000",,,,California,NA,sdchamber,https://www.facebook.com/sdchamber,https://www.youtube.com/user/2012SDChamber/feed
San Antonio Hispanic Chamber of Commerce,SAHCC,General,,www.sahcc.org,"The San Antonio Hispanic Chamber of Commerce is the first organization of its type in the United States, having been originally chartered as the Mexican Chamber of Commerce in 1929.",,NA,"San Antonio, TX",NA,Martin Gutierrez,Director of Policy and Business Advocacy,marting@sahcc.org,NA,"Small Business, Economic Development, International Trade, Leadership Development, Education",,NO,NA,NA,NA,NA,NA,,,,Texas,NA,SAHispanicCC,https://www.facebook.com/sanantonio.hispanicchamber/,https://www.youtube.com/user/SAHispanicChamber
World Trade Center of Greater Philadelphia,WTCGP,General,,https://www.wtcphila.org/,The World Trade Center of Greater Philadelphia is the Region’s leading non-profit international trade services organization. It assist companies in the five counties of Southeastern Pennsylvania and eight counties of Southern New Jersey. It belongs to the World Trade Centers Association of over 300 World Trade Centers in more than 90 countries and serve as the Commonwealth of Pennsylvania’s Regional Export Network partner for SE Pennsylvania.,,NA,"Philadelphia, PA",info@wtcphila.org,Dale Foote,International Trade Specialist,dfoote@wtcphila.org,215-586-4231,NA,,NO,NA,NA,NA,SI,"$40,000",,,,Pennsylvania,NA,WTCPhila,https://www.facebook.com/wtcphila/,https://www.youtube.com/channel/UCLBMklOhaw8nMYvVXAa2fgQ?view_as=subscriber
Business Roundtable,BRT,,,https://www.businessroundtable.org//,https://www.businessroundtable.org/about-us,,NA,https://www.businessroundtable.org/about-us/contact,https://www.businessroundtable.org/about-us/contact,https://www.businessroundtable.org/about-us/committees/trade-international-committee,NA,NA,NA,https://www.businessroundtable.org//,,https://www.opensecrets.org/orgs/business-roundtable/totals?id=D000032202,https://www.opensecrets.org/orgs/business-roundtable/totals?id=D000032202,https://www.opensecrets.org/orgs/business-roundtable/totals?id=D000032202,https://www.opensecrets.org/orgs/business-roundtable/totals?id=D000032202,https://www.opensecrets.org/federal-lobbying/clients/summary?cycle=2022&id=D000032202,https://www.opensecrets.org/federal-lobbying/clients/summary?cycle=2022&id=D000032202,-,-,,NA,,https://www.businessroundtable.org/,https://www.businessroundtable.org/,https://www.businessroundtable.org/
National Association of Manufacturers,NAM,Manufacturers,,https://www.nam.org/,https://www.nam.org/about/,,https://www.nam.org/about/,https://www.nam.org/,https://www.nam.org/,NA,NA,NA,NA,https://www.nam.org/,,https://www.opensecrets.org/orgs/business-roundtable/totals?id=D000032202,https://www.opensecrets.org/orgs/national-assn-of-manufacturers/totals?id=D000054156,https://www.opensecrets.org/orgs/national-assn-of-manufacturers/totals?id=D000054156,https://www.opensecrets.org/orgs/national-assn-of-manufacturers/totals?id=D000054156,https://www.opensecrets.org/federal-lobbying/clients/summary?cycle=2022&id=D000054156,https://www.opensecrets.org/federal-lobbying/clients/summary?cycle=2022&id=D000054156,,,,NA,,https://www.nam.org/,https://www.nam.org/,https://www.nam.org/
U.S. Hispanic Chamber of Commerce,USHCC,General / Hispanic,,https://www.ushcc.com/,https://www.ushcc.com/about-ushcc.html,,https://www.ushcc.com/,https://www.ushcc.com/,https://www.ushcc.com/,NA,NA,NA,NA,,,https://www.opensecrets.org/orgs/us-hispanic-chamber-of-commerce/totals?id=D000058066,https://www.opensecrets.org/orgs/us-hispanic-chamber-of-commerce/totals?id=D000058066,https://www.opensecrets.org/orgs/us-hispanic-chamber-of-commerce/totals?id=D000058066,https://www.opensecrets.org/orgs/us-hispanic-chamber-of-commerce/totals?id=D000058066,https://www.opensecrets.org/federal-lobbying/clients/summary?cycle=2022&id=D000058066,https://www.opensecrets.org/federal-lobbying/clients/summary?cycle=2022&id=D000058066,,,,NA,,https://www.ushcc.com/,https://www.ushcc.com/,https://www.ushcc.com/
U.S. – Mexico Chamber of Commerce,USMXCC,General,,https://usmcoc.org/,https://usmcoc.org/about-us/,,NA,https://usmcoc.org/,https://usmcoc.org/,NA,NA,NA,NA,,,NA,NA,NA,NA,NA,NA,,,,https://usmcoc.org/about-us/offices/offices-usa/,,https://usmcoc.org/,https://usmcoc.org/,NA
National Association of Latino State Chamber of Commerce,NASLCC,General / Latinos,,https://naoslcc.org//,,,NA,https://naoslcc.org/contact-us,NA,NA,NA,NA,NA,https://naoslcc.org/about-us,,NA,NA,NA,NA,NA,NA,,,,NA,,NA,NA,NA
Coalition of Services Industries,CSI,Servicios,,https://uscsi.org/,https://uscsi.org/members/,,NA,NA,https://uscsi.org/contact/,NA,NA,NA,NA,,,NA,NA,NA,NA,https://www.opensecrets.org/federal-lobbying/clients/summary?cycle=2020&id=D000049421,https://www.opensecrets.org/federal-lobbying/clients/summary?cycle=2020&id=D000049421,,,,NA,,https://uscsi.org/,https://uscsi.org/,NA
American Farm Bureau Federation,AFBF,Agricultura,,https://www.fb.org//,https://www.fb.org/about/impact,,NA,https://www.fb.org/about/impact,https://www.fb.org//,https://www.fb.org/about/directory,https://www.fb.org/about/directory,https://www.fb.org/about/directory,https://www.fb.org/about/directory,https://www.fb.org/issues/,,https://www.opensecrets.org/orgs/american-farm-bureau/totals?id=D000021832,https://www.opensecrets.org/orgs/american-farm-bureau/totals?id=D000021832,https://www.opensecrets.org/orgs/american-farm-bureau/totals?id=D000021832,https://www.opensecrets.org/orgs/american-farm-bureau/totals?id=D000021832,https://www.opensecrets.org/federal-lobbying/clients/summary?cycle=2022&id=D000021832,https://www.opensecrets.org/federal-lobbying/clients/summary?cycle=2022&id=D000021832,,,,NA,,https://www.fb.org//,https://www.fb.org//,https://www.fb.org//
U.S. Chamber of Commerce,USCC,General,,https://www.uschamber.com/,https://www.uschamber.com/about/contact-us,,NA,https://www.uschamber.com/about/contact-us,NA,NA,NA,NA,NA,https://www.uschamber.com/,,https://www.opensecrets.org/orgs/us-chamber-of-commerce/totals?id=D000019798,https://www.opensecrets.org/orgs/us-chamber-of-commerce/totals?id=D000019798,https://www.opensecrets.org/orgs/us-chamber-of-commerce/totals?id=D000019798,https://www.opensecrets.org/orgs/us-chamber-of-commerce/totals?id=D000019798,https://www.opensecrets.org/federal-lobbying/clients/summary?cycle=2022&id=D000019798,https://www.opensecrets.org/federal-lobbying/clients/summary?cycle=2022&id=D000019798,,,,NA,,https://www.uschamber.com/,https://www.uschamber.com/,NA
American Automotive Policy Council,AAPC,Automóviles,,https://www.americanautomakers.org/,https://www.americanautomakers.org/about-aapc,,https://www.americanautomakers.org/about-aapc,https://www.americanautomakers.org/,https://www.americanautomakers.org/about-aapc,https://www.americanautomakers.org/about-aapc,https://www.americanautomakers.org/about-aapc,https://www.americanautomakers.org/about-aapc,NA,https://www.americanautomakers.org/,,https://www.opensecrets.org/orgs/american-automotive-policy-council/totals?id=D000046855,https://www.opensecrets.org/orgs/american-automotive-policy-council/totals?id=D000046855,https://www.opensecrets.org/orgs/american-automotive-policy-council/totals?id=D000046855,https://www.opensecrets.org/orgs/american-automotive-policy-council/totals?id=D000046855,https://www.opensecrets.org/federal-lobbying/clients/summary?cycle=2022&id=D000046855,https://www.opensecrets.org/federal-lobbying/clients/summary?cycle=2022&id=D000046855,,,,NA,,https://www.americanautomakers.org/,https://www.americanautomakers.org/,https://www.americanautomakers.org/
Autos Drive America,NA,Automóviles,,https://www.autosdriveamerica.org/,https://www.autosdriveamerica.org/about,,https://www.autosdriveamerica.org/about/our-members,https://www.autosdriveamerica.org/about/contact,https://www.autosdriveamerica.org/about/contact,https://www.autosdriveamerica.org/about/our-staff/edward-stewart,https://www.autosdriveamerica.org/about/our-staff/edward-stewart,NA,NA,,,NA,NA,NA,NA,https://www.opensecrets.org/federal-lobbying/clients/summary?id=D000073647,https://www.opensecrets.org/federal-lobbying/clients/summary?id=D000073647,,,,NA,,https://www.autosdriveamerica.org/,https://www.autosdriveamerica.org/,https://www.autosdriveamerica.org/
Motor & Equipment Manufacturers Association,MEMA,https://www.mema.org/about-us,,https://www.mema.org/,https://www.mema.org/about-us,,NA,https://www.mema.org/who-we-are/contact-us,https://www.mema.org/who-we-are/contact-us,NA,NA,NA,NA,,,https://www.opensecrets.org/political-action-committees-pacs/motor-equipment-manufacturers-assn/C00479964/summary/2022,https://www.opensecrets.org/political-action-committees-pacs/motor-equipment-manufacturers-assn/C00479964/summary/2022,https://www.opensecrets.org/political-action-committees-pacs/motor-equipment-manufacturers-assn/C00479964/summary/2022,https://www.opensecrets.org/political-action-committees-pacs/motor-equipment-manufacturers-assn/C00479964/summary/2022,https://www.opensecrets.org/federal-lobbying/clients/summary?cycle=2022&id=D000053979,https://www.opensecrets.org/federal-lobbying/clients/summary?cycle=2022&id=D000053979,,,,NA,,NA,NA,NA
National Electrical Manufacturers Association,NEMA,https://www.nema.org/directory/products,,https://www.nema.org/,https://www.nema.org/about,,NA,https://www.nema.org/about/contact,https://www.nema.org/about/contact,https://www.nema.org/advocacy/contact-staff,https://www.nema.org/advocacy/contact-staff,https://www.nema.org/advocacy/nema-mexico,https://www.nema.org/advocacy/nema-mexico,https://www.nema.org/advocacy,,https://www.opensecrets.org/orgs/national-electrical-manufacturers-assn/totals?id=D000027840,https://www.opensecrets.org/orgs/national-electrical-manufacturers-assn/totals?id=D000027840,https://www.opensecrets.org/orgs/national-electrical-manufacturers-assn/totals?id=D000027840,https://www.opensecrets.org/orgs/national-electrical-manufacturers-assn/totals?id=D000027840,https://www.opensecrets.org/orgs/national-electrical-manufacturers-assn/lobbying?id=D000027840,https://www.opensecrets.org/orgs/national-electrical-manufacturers-assn/lobbying?id=D000027840,,,,NA,,https://www.nema.org/,https://www.nema.org/,https://www.nema.org/
Consumer Technology Association,CES,https://www.cta.tech/Who-We-Are,,https://www.cta.tech/,https://www.cta.tech/Who-We-Are,,NA,https://www.cta.tech/,NA,NA,NA,NA,NA,https://www.cta.tech/,,https://www.opensecrets.org/political-action-committees-pacs/consumer-technology-assn/C00375048/summary/2022,https://www.opensecrets.org/political-action-committees-pacs/consumer-technology-assn/C00375048/summary/2022,https://www.opensecrets.org/political-action-committees-pacs/consumer-technology-assn/C00375048/summary/2022,https://www.opensecrets.org/political-action-committees-pacs/consumer-technology-assn/C00375048/summary/2022,https://www.opensecrets.org/federal-lobbying/clients/summary?cycle=2018&id=D000025122,https://www.opensecrets.org/federal-lobbying/clients/summary?cycle=2018&id=D000025122,,,,NA,,https://www.cta.tech/,https://www.cta.tech/,NA
Association of Home Appliance Manufacturers,AHAM,https://www.aham.org/AHAM/What_We_Do/AHAM/What_We_Do/What_We_Do.aspx?hkey=f8c95b3b-af5e-4ff3-ab5a-2dca66fbdc18,,https://www.aham.org/,https://www.aham.org/AHAM/What_We_Do/AHAM/What_We_Do/What_We_Do.aspx?hkey=f8c95b3b-af5e-4ff3-ab5a-2dca66fbdc18,,NA,https://www.aham.org/,https://www.aham.org/,https://www.aham.org/AHAM/AHAM_Staff.aspx?WebsiteKey=c0a5e5a1-ea1c-42f1-9b84-d62256c16ea2,https://www.aham.org/AHAM/AHAM_Staff.aspx?WebsiteKey=c0a5e5a1-ea1c-42f1-9b84-d62256c16ea2,https://www.aham.org/AHAM/AHAM_Staff.aspx?WebsiteKey=c0a5e5a1-ea1c-42f1-9b84-d62256c16ea2,https://www.aham.org/AHAM/AHAM_Staff.aspx?WebsiteKey=c0a5e5a1-ea1c-42f1-9b84-d62256c16ea2,NA,,https://www.opensecrets.org/political-action-committees-pacs/association-of-home-appliance-manufactur/C00148536/summary/2022,https://www.opensecrets.org/political-action-committees-pacs/association-of-home-appliance-manufactur/C00148536/summary/2022,https://www.opensecrets.org/political-action-committees-pacs/association-of-home-appliance-manufactur/C00148536/summary/2022,https://www.opensecrets.org/political-action-committees-pacs/association-of-home-appliance-manufactur/C00148536/summary/2022,https://www.opensecrets.org/federal-lobbying/clients/summary?cycle=2022&id=D000024172,https://www.opensecrets.org/federal-lobbying/clients/summary?cycle=2022&id=D000024172,,,,NA,,https://www.aham.org/,https://www.aham.org/,https://www.aham.org/
Truck Engine Manufacturers Association,EMA,http://www.truckandenginemanufacturers.org/,,http://www.truckandenginemanufacturers.org/,http://www.truckandenginemanufacturers.org/,,http://www.truckandenginemanufacturers.org/about/,http://www.truckandenginemanufacturers.org/contact/,http://www.truckandenginemanufacturers.org/contact/,http://www.truckandenginemanufacturers.org/members/contacts/staff.asp,http://www.truckandenginemanufacturers.org/members/contacts/staff.asp,http://www.truckandenginemanufacturers.org/members/contacts/staff.asp,NA,http://www.truckandenginemanufacturers.org/about/,,NO,NA,NA,NA,NA,NA,,,,NA,,NA,NA,NA
Semiconductor Industry Association,SIA,Semiconductores,,https://www.semiconductors.org/,https://www.semiconductors.org/about/mission/,,NA,https://www.semiconductors.org/,https://www.semiconductors.org/,https://www.semiconductors.org/about/staff/,https://www.semiconductors.org/about/staff/,https://www.semiconductors.org/about/staff/,NA,https://www.semiconductors.org/,,https://www.opensecrets.org/political-action-committees-pacs/semiconductor-industry-assn/C00613521/summary/2022,https://www.opensecrets.org/political-action-committees-pacs/semiconductor-industry-assn/C00613521/summary/2022,https://www.opensecrets.org/political-action-committees-pacs/semiconductor-industry-assn/C00613521/summary/2022,https://www.opensecrets.org/political-action-committees-pacs/semiconductor-industry-assn/C00613521/summary/2022,https://www.opensecrets.org/federal-lobbying/clients/summary?cycle=2022&id=D000056599,https://www.opensecrets.org/federal-lobbying/clients/summary?cycle=2022&id=D000056599,,,,NA,,https://www.semiconductors.org/,https://www.semiconductors.org/,https://www.semiconductors.org/
Air Conditioning Heating and Refrigeration Institute,AHRI,https://www.ahrinet.org/home,,https://www.ahrinet.org/home,https://www.ahrinet.org/about-us,,https://www.ahrinet.org/about-us,https://www.ahrinet.org/home,NA,NA,NA,NA,NA,NA,,NA,NA,NA,NA,https://www.opensecrets.org/federal-lobbying/clients/summary?cycle=2022&id=D000046526,https://www.opensecrets.org/federal-lobbying/clients/summary?cycle=2022&id=D000046526,,,,NA,,https://www.ahrinet.org/home,https://www.ahrinet.org/home,https://www.ahrinet.org/home
Advanced Medical Technology Association,Adva Med,https://www.advamed.org/about/,,https://www.advamed.org/,https://www.advamed.org/about/,,https://www.advamed.org/membership-join/,https://www.advamed.org/about/contact-us/,NA,NA,NA,NA,NA,https://www.advamed.org/industry-updates/policy-issues/,,https://www.opensecrets.org/orgs/advamed/totals?id=D000021807,https://www.opensecrets.org/orgs/advamed/totals?id=D000021807,https://www.opensecrets.org/orgs/advamed/totals?id=D000021807,https://www.opensecrets.org/orgs/advamed/totals?id=D000021807,https://www.opensecrets.org/orgs/advamed/summary?id=D000021807,https://www.opensecrets.org/orgs/advamed/summary?id=D000021807,,,,NA,,https://www.advamed.org/,https://www.advamed.org/,https://www.advamed.org/
National Council of Textile Organizations,NCTO,http://www.ncto.org/,,http://www.ncto.org/,http://www.ncto.org/about-ncto/mission-statement/,,NA,http://www.ncto.org/about-ncto/ncto-staff/,NA,http://www.ncto.org/contact/,http://www.ncto.org/contact/,http://www.ncto.org/contact/,http://www.ncto.org/contact/,http://www.ncto.org/policy-positions/,,https://www.opensecrets.org/political-action-committees-pacs/national-council-of-textile-orgs/C00405555/summary/2022,https://www.opensecrets.org/political-action-committees-pacs/national-council-of-textile-orgs/C00405555/summary/2022,https://www.opensecrets.org/political-action-committees-pacs/national-council-of-textile-orgs/C00405555/summary/2022,https://www.opensecrets.org/political-action-committees-pacs/national-council-of-textile-orgs/C00405555/summary/2022,NA,NA,,,,NA,,http://www.ncto.org/,http://www.ncto.org/,NA
American Apparel & Footwear Association,AAFA,https://www.aafaglobal.org/AAFA/About/Members/AAFA/Directories/Membership_Directory.aspx?hkey=6d5d1e04-1c3f-4e84-a90a-403c61af0f48,,https://www.aafaglobal.org/,https://www.aafaglobal.org/AAFA/About/Who_We_Are/AAFA/About/Who_We_Are.aspx?hkey=14341662-827d-43ae-8a05-c2979af1933b,,https://www.aafaglobal.org/AAFA/About/Members/AAFA/Directories/Membership_Directory.aspx?hkey=6d5d1e04-1c3f-4e84-a90a-403c61af0f48,https://www.aafaglobal.org/,NA,https://www.aafaglobal.org/AAFA/About/Team.aspx,https://www.aafaglobal.org/AAFA/About/Team.aspx,https://www.aafaglobal.org/AAFA/About/Team.aspx,https://www.aafaglobal.org/AAFA/About/Team.aspx,https://www.aafaglobal.org/,,https://www.opensecrets.org/political-action-committees-pacs/C00338442/summary/2022,https://www.opensecrets.org/political-action-committees-pacs/C00338442/summary/2022,https://www.opensecrets.org/political-action-committees-pacs/C00338442/summary/2022,https://www.opensecrets.org/political-action-committees-pacs/C00338442/summary/2022,https://www.opensecrets.org/federal-lobbying/clients/summary?cycle=2022&id=D000023912,https://www.opensecrets.org/federal-lobbying/clients/summary?cycle=2022&id=D000023912,,,,NA,,https://www.aafaglobal.org/,https://www.aafaglobal.org/,https://www.aafaglobal.org/
American Apparel Producers’ Network,AAPN,https://www.aapnetwork.net/about-aapn,,https://www.aapnetwork.net/,https://www.aapnetwork.net/about-aapn,,https://www.aapnetwork.net/about-aapn,https://www.aapnetwork.net/,NA,https://www.aapnetwork.net/aapnetwork-leadership,https://www.aapnetwork.net/aapnetwork-leadership,https://www.aapnetwork.net/aapnetwork-leadership,https://www.aapnetwork.net/aapnetwork-leadership,NA,,NO,NA,NA,NA,NA,NA,,,,NA,,https://www.aapnetwork.net/,https://www.aapnetwork.net/,NA
Information Technology Industry Council,ITI,Tecnologia,,https://www.itic.org/,https://www.itic.org/about/,,NA,https://www.itic.org/contact,https://www.itic.org/contact,https://www.itic.org/about/staff,https://www.itic.org/about/staff,NA,NA,https://www.itic.org/policy/,,https://www.opensecrets.org/orgs/information-technology-industry-council/totals?id=D000026619,https://www.opensecrets.org/orgs/information-technology-industry-council/totals?id=D000026619,https://www.opensecrets.org/orgs/information-technology-industry-council/totals?id=D000026619,https://www.opensecrets.org/orgs/information-technology-industry-council/totals?id=D000026619,https://www.opensecrets.org/federal-lobbying/clients/summary?cycle=2022&id=D000026619,https://www.opensecrets.org/federal-lobbying/clients/summary?cycle=2022&id=D000026619,,,,NA,,https://www.itic.org/,https://www.itic.org/,https://www.itic.org/
Fresh Produce Association of the Americas,FPAA,Mexican-grown fruits and vegetables,,https://www.freshfrommexico.com/,https://www.freshfrommexico.com/about/,,NA,https://www.freshfrommexico.com/contact/,https://www.freshfrommexico.com/contact/,https://www.freshfrommexico.com/team/#staff,https://www.freshfrommexico.com/team/#staff,https://www.freshfrommexico.com/team/#staff,NA,NA,,NO,NA,NA,NA,NA,NA,,,,NA,,https://www.freshfrommexico.com/,https://www.freshfrommexico.com/,NA
U.S Grain Council,USGC,https://grains.org/about/about-the-council/,,https://grains.org/,https://grains.org/about/about-the-council/,,https://grains.org/membership/about-usgc-membership/,https://grains.org/,https://grains.org/u-s-worldwide-offices/,https://grains.org/u-s-worldwide-offices/u-s-headquarters-office/,https://grains.org/u-s-worldwide-offices/u-s-headquarters-office/,https://grains.org/u-s-worldwide-offices/u-s-headquarters-office/,NA,https://grains.org/,,https://www.opensecrets.org/orgs/us-grains-council/totals?id=D000073399,https://www.opensecrets.org/orgs/us-grains-council/totals?id=D000073399,https://www.opensecrets.org/orgs/us-grains-council/totals?id=D000073399,https://www.opensecrets.org/orgs/us-grains-council/totals?id=D000073399,https://www.opensecrets.org/orgs/us-grains-council/summary?id=D000073399,https://www.opensecrets.org/orgs/us-grains-council/summary?id=D000073399,,,,NA,,https://grains.org/,https://grains.org/,https://grains.org/
U.S. Dairy Export Council,USDEC,https://www.usdec.org/about-us?_ga=2.13324919.1179357117.1657645084-1024166556.1657645084&userID=,,https://www.usdec.org/,https://www.usdec.org/about-us?_ga=2.13324919.1179357117.1657645084-1024166556.1657645084&userID=,,https://resources.usdec.org/About/members.cfm?_ga=2.128979852.1418604237.1658175963-1024166556.1657645084&RDtoken=48798&UserID=&refer=https%3a%2f%2fwww.usdec.org,https://www.usdec.org/about-us/contact-us,NA,https://www.usdec.org/about-us/our-staff,https://www.usdec.org/about-us/our-staff,NA,NA,NA,,NO,NA,NA,NA,NA,NA,,,,NA,,https://www.usdec.org/,NA,NA
National Pork Producers Council,NPPC,Puercos,,https://nppc.org/,https://nppc.org/,,NA,https://nppc.org/contact-us/,https://nppc.org/contact-us/,https://nppc.org/about-nppc/nppc-team/,https://nppc.org/about-nppc/nppc-team/,https://nppc.org/about-nppc/nppc-team/,NA,https://nppc.org/,,https://www.opensecrets.org/orgs/national-pork-producers-council/totals?id=D000000676,https://www.opensecrets.org/orgs/national-pork-producers-council/totals?id=D000000676,https://www.opensecrets.org/orgs/national-pork-producers-council/totals?id=D000000676,https://www.opensecrets.org/orgs/national-pork-producers-council/totals?id=D000000676,https://www.opensecrets.org/orgs/national-pork-producers-council/summary?id=D000000676,https://www.opensecrets.org/orgs/national-pork-producers-council/summary?id=D000000676,,,,NA,,https://nppc.org/,https://nppc.org/,https://nppc.org/
U.S Poultry and Egg Export Council,USAPEEC,Aves y huevos,,https://www.usapeec.org/,https://www.usapeec.org/aboutusapeec/,,NA,https://www.usapeec.org/,https://www.usapeec.org/,https://www.usapeec.org/aboutusapeec/headquartersstaff/,https://www.usapeec.org/aboutusapeec/headquartersstaff/,https://www.usapeec.org/aboutusapeec/headquartersstaff/,NA,NA,,NO,NA,NA,NA,NA,NA,,,,,,,,
Corn Refiners Association,CRA,https://corn.org/about-cra/,,https://corn.org/,https://corn.org/about-cra/,,https://corn.org/about-cra/,https://corn.org/about-cra/,NA,https://corn.org/about-cra/cra-staff-profiles/,https://corn.org/about-cra/cra-staff-profiles/,NA,NA,https://corn.org/policies/,,https://www.opensecrets.org/orgs/corn-refiners-assn/summary?id=D000049754,https://www.opensecrets.org/orgs/corn-refiners-assn/summary?id=D000049754,https://www.opensecrets.org/orgs/corn-refiners-assn/summary?id=D000049754,https://www.opensecrets.org/orgs/corn-refiners-assn/summary?id=D000049754,https://www.opensecrets.org/federal-lobbying/clients/summary?cycle=2022&id=D000049754,https://www.opensecrets.org/federal-lobbying/clients/summary?cycle=2022&id=D000049754,,,,https://corn.org/about-cra/,,https://corn.org/,https://corn.org/,NA
National Corn Growers Association,NCGA,https://www.ncga.com/about-ncga/who-we-are/mission-and-vision,,https://www.ncga.com/,https://www.ncga.com/about-ncga/who-we-are/mission-and-vision,,NA,https://www.ncga.com/,https://www.ncga.com/contact-us,https://www.ncga.com/about-ncga/our-team/ncga-staff,https://www.ncga.com/about-ncga/our-team/ncga-staff,https://www.ncga.com/about-ncga/our-team/ncga-staff,NA,https://www.ncga.com/,,https://www.opensecrets.org/orgs/national-corn-growers-assn/totals?id=D000027833,https://www.opensecrets.org/orgs/national-corn-growers-assn/totals?id=D000027833,https://www.opensecrets.org/orgs/national-corn-growers-assn/totals?id=D000027833,https://www.opensecrets.org/orgs/national-corn-growers-assn/totals?id=D000027833,https://www.opensecrets.org/orgs/national-corn-growers-assn/summary?id=D000027833,https://www.opensecrets.org/orgs/national-corn-growers-assn/summary?id=D000027833,,,,https://www.ncga.com/membership/join-ncga,,https://www.ncga.com/stay-informed/resources/website-directory,https://www.ncga.com/stay-informed/resources/website-directory,https://www.ncga.com/stay-informed/resources/website-directory
American Soybean Association,ASA,https://soygrowers.com/,,https://soygrowers.com/,https://soygrowers.com/,,https://soygrowers.com/,https://soygrowers.com/,https://soygrowers.com/contact/,https://soygrowers.com/about/asa-staff/,https://soygrowers.com/about/asa-staff/,https://soygrowers.com/about/asa-staff/,https://soygrowers.com/about/asa-staff/,https://soygrowers.com/key-issues-initiatives/key-issues/,,https://www.opensecrets.org/political-action-committees-pacs/american-soybean-assn/C00408468/summary/2022,https://www.opensecrets.org/political-action-committees-pacs/american-soybean-assn/C00408468/summary/2022,https://www.opensecrets.org/political-action-committees-pacs/american-soybean-assn/C00408468/summary/2022,https://www.opensecrets.org/political-action-committees-pacs/american-soybean-assn/C00408468/summary/2022,https://www.opensecrets.org/federal-lobbying/clients/summary?cycle=2022&id=D000024019,https://www.opensecrets.org/federal-lobbying/clients/summary?cycle=2022&id=D000024019,,,,https://soygrowers.com/states-membership/state-affiliates/,,https://soygrowers.com/,https://soygrowers.com/,https://soygrowers.com/
U.S. Wheat Associates,USW,https://www.uswheat.org/about-usw/,,https://www.uswheat.org/,https://www.uswheat.org/about-usw/,,NA,https://www.uswheat.org/officelocations/,https://www.uswheat.org/staff-directory/,https://www.uswheat.org/staff-directory/,https://www.uswheat.org/staff-directory/,https://www.uswheat.org/staff-directory/,https://www.uswheat.org/staff-directory/,https://www.uswheat.org/policy/,,NO,NA,NA,NA,NA,NA,,,,https://www.uswheat.org/who-we-represent/state-wheat-commissions/,,https://www.uswheat.org/,https://www.uswheat.org/,NA
Mexican Hass Avocado Importers Association,MHAIA,,,https://mhaia.org/,,,,,,,,,,,,NO,NA,NA,NA,NA,NA,,,,,,,,
National Cattlemen’s Beef Association,NCBA,Beef,,https://www.ncba.org/,https://www.ncba.org/about,,NA,https://www.ncba.org/about,NA,NA,NA,NA,NA,NA,,https://www.opensecrets.org/orgs/national-cattlemen-s-beef-assn/summary?id=D000000252,https://www.opensecrets.org/orgs/national-cattlemen-s-beef-assn/summary?id=D000000252,https://www.opensecrets.org/orgs/national-cattlemen-s-beef-assn/summary?id=D000000252,https://www.opensecrets.org/orgs/national-cattlemen-s-beef-assn/summary?id=D000000252,https://www.opensecrets.org/orgs/national-cattlemen-s-beef-assn/summary?id=D000000252,https://www.opensecrets.org/orgs/national-cattlemen-s-beef-assn/summary?id=D000000252,,,,NA,,https://www.ncba.org/,https://www.ncba.org/,https://www.ncba.org/
U.S. Meat Export Federation,USMEF,https://www.usmef.org/about-usmef/faq/,,https://www.usmef.org/,https://www.usmef.org/about-usmef/faq/,,https://www.usmef.org/about-usmef/membership/usmef-members/,https://www.usmef.org/,https://www.usmef.org/,https://www.usmef.org/usmef-statistics-and-trade-access/staff/,https://www.usmef.org/usmef-statistics-and-trade-access/staff/,https://www.usmef.org/usmef-statistics-and-trade-access/staff/,NA,NA,,NA,NA,NA,NA,NA,NA,,,,NA,,https://www.usmef.org/,https://www.usmef.org/,https://www.usmef.org/
Avocados from Mexico,AFM,Avocado,,https://avocadosfrommexico.com//,,,NA,https://avocadosfrommexico.com/about/,https://avocadosfrommexico.com/about/,https://avocadosfrommexico.com/shopper/why-choose-afm/contact-us/,https://avocadosfrommexico.com/shopper/why-choose-afm/contact-us/,https://avocadosfrommexico.com/shopper/why-choose-afm/contact-us/,NA,NA,,NO,NA,NA,NA,NA,NA,,,,NA,,https://avocadosfrommexico.com/,https://avocadosfrommexico.com/,https://avocadosfrommexico.com/
NASCO Network,NASCO,,,https://www.nasconetwork.com/,https://www.nasconetwork.com/,,NA,https://www.nasconetwork.com/contact-us/,https://www.nasconetwork.com/contact-us/,https://www.nasconetwork.com/contact-us/,https://www.nasconetwork.com/contact-us/,NA,https://www.nasconetwork.com/contact-us/,https://www.nasconetwork.com/about/,,NO,NA,NA,NA,NA,NA,,,,NA,,https://www.nasconetwork.com/,NA,NA
Greater Houston Chamber of Commerce,NA,General,,https://www.greaterhoustonchamber.com/,,,NA,https://www.greaterhoustonchamber.com/,https://www.greaterhoustonchamber.com/,NA,NA,NA,NA,NA,,NO,NA,NA,NA,NA,NA,,,,https://www.greaterhoustonchamber.com/,,NA,NA,NA
Seattle Metropolitan Chamber of Commerce,NA,General,,https://www.seattlechamber.com/,https://www.seattlechamber.com/,,https://www.seattlechamber.com/membership/,https://www.seattlechamber.com/,NA,NA,NA,NA,NA,https://www.seattlechamber.com/pages/advocacy/,,NO,NA,NA,NA,NA,NA,,,,https://www.seattlechamber.com/,,https://www.seattlechamber.com/,https://www.seattlechamber.com/,https://www.seattlechamber.com/
Los Angeles Area Chamber of Commerce,NA,General,,https://lachamber.com/,https://lachamber.com/pages/about-us/,,https://lachamber.com/pages/about-us/,https://lachamber.com/about/contact-us/,https://lachamber.com/about/contact-us/,https://lachamber.com/pages/staff-directory/,https://lachamber.com/pages/staff-directory/,https://lachamber.com/pages/staff-directory/,NA,https://lachamber.com/pages/publicpolicyadvocacy,,NA,NA,NA,NA,https://www.opensecrets.org/federal-lobbying/clients/summary?cycle=2018&id=D000079135,https://www.opensecrets.org/federal-lobbying/clients/summary?cycle=2018&id=D000079135,,,,https://lachamber.com/,,https://lachamber.com/pages/about-us/,https://lachamber.com/pages/about-us/,https://lachamber.com/pages/about-us/
Chicago Council on Global Affairs,-,,,https://www.thechicagocouncil.org/,https://www.thechicagocouncil.org/about-us,,,https://www.thechicagocouncil.org/contact,,,,,,,,https://www.opensecrets.org/orgs/chicago-council-on-global-affairs/totals?id=D000048600,https://www.opensecrets.org/orgs/chicago-council-on-global-affairs/totals?id=D000048600,https://www.opensecrets.org/orgs/chicago-council-on-global-affairs/totals?id=D000048600,https://www.opensecrets.org/orgs/chicago-council-on-global-affairs/totals?id=D000048600,,,,,,,,,,
San Diego Regional Chamber of Commerce,NA,General,,https://sdchamber.org//,https://sdchamber.org/,,https://sdchamber.org/,https://sdchamber.org/,NA,NA,NA,NA,NA,https://sdchamber.org/policy/,,NA,NA,NA,NA,https://www.opensecrets.org/federal-lobbying/clients/summary?cycle=2009&id=D000056110,https://www.opensecrets.org/federal-lobbying/clients/summary?cycle=2009&id=D000056110,,,,https://sdchamber.org/,,https://sdchamber.org/,https://sdchamber.org/,https://sdchamber.org/
San Antonio Hispanic Chamber of Commerce,SAHCC,General,,www.sahcc.org,https://www.sahcc.org/about-us,,NA,www.sahcc.org,NA,https://www.sahcc.org/international-trade?_ga=2.1464753.103697413.1657812982-1189206174.1657812982,https://www.sahcc.org/international-trade?_ga=2.1464753.103697413.1657812982-1189206174.1657812982,https://www.sahcc.org/international-trade?_ga=2.1464753.103697413.1657812982-1189206174.1657812982,NA,https://www.sahcc.org/,,NO,NA,NA,NA,NA,NA,,,,www.sahcc.org,,https://www.sahcc.org/,https://www.sahcc.org/,https://www.sahcc.org/
World Trade Center of Greater Philadelphia,WTCGP,General,,https://www.wtcphila.org/,https://www.wtcphila.org/about-us.html,,NA,https://www.wtcphila.org/,https://www.wtcphila.org/,https://www.wtcphila.org/who-we-are.html,https://www.wtcphila.org/who-we-are.html,https://www.wtcphila.org/who-we-are.html,https://www.wtcphila.org/who-we-are.html,NA,,NA,NA,NA,NA,https://www.opensecrets.org/federal-lobbying/clients/summary?cycle=2005&id=F216530,https://www.opensecrets.org/federal-lobbying/clients/summary?cycle=2005&id=F216530,,,,https://www.wtcphila.org/,,https://www.wtcphila.org/,https://www.wtcphila.org/,https://www.wtcphila.org/
